{
    "loss": 5.528043746948242,
    "accuracy": 0.5179855823516846
}