{
    "loss": 1.2335059642791748,
    "accuracy": 0.8489208817481995
}